"variable","GEOID","NAME","estimate","moe","label","concept"
"B28010_001","01","Alabama",1902983,5852,"Estimate!!Total:","COMPUTERS IN HOUSEHOLD"
"B28010_001","04","Arizona",2683557,6004,"Estimate!!Total:","COMPUTERS IN HOUSEHOLD"
"B28010_001","09","Connecticut",1397324,3455,"Estimate!!Total:","COMPUTERS IN HOUSEHOLD"
"B28010_001","39","Ohio",4754161,9064,"Estimate!!Total:","COMPUTERS IN HOUSEHOLD"
"B28010_001","16","Idaho",657101,2559,"Estimate!!Total:","COMPUTERS IN HOUSEHOLD"
"B28010_001","22","Louisiana",1748688,5810,"Estimate!!Total:","COMPUTERS IN HOUSEHOLD"
"B28010_001","24","Maryland",2294270,4090,"Estimate!!Total:","COMPUTERS IN HOUSEHOLD"
"B28010_001","02","Alaska",260561,1334,"Estimate!!Total:","COMPUTERS IN HOUSEHOLD"
"B28010_001","05","Arkansas",1158460,3725,"Estimate!!Total:","COMPUTERS IN HOUSEHOLD"
"B28010_001","10","Delaware",381097,1552,"Estimate!!Total:","COMPUTERS IN HOUSEHOLD"
"B28010_001","40","Oklahoma",1503868,2833,"Estimate!!Total:","COMPUTERS IN HOUSEHOLD"
"B28010_001","17","Illinois",4930255,7843,"Estimate!!Total:","COMPUTERS IN HOUSEHOLD"
"B28010_001","23","Maine",571064,1997,"Estimate!!Total:","COMPUTERS IN HOUSEHOLD"
"B28010_001","25","Massachusetts",2714448,4158,"Estimate!!Total:","COMPUTERS IN HOUSEHOLD"
"B28010_001","27","Minnesota",2229100,4779,"Estimate!!Total:","COMPUTERS IN HOUSEHOLD"
"B28010_001","06","California",13217586,19810,"Estimate!!Total:","COMPUTERS IN HOUSEHOLD"
"B28010_001","11","District of Columbia",310104,1722,"Estimate!!Total:","COMPUTERS IN HOUSEHOLD"
"B28010_001","41","Oregon",1658091,3326,"Estimate!!Total:","COMPUTERS IN HOUSEHOLD"
"B28010_001","18","Indiana",2622601,6597,"Estimate!!Total:","COMPUTERS IN HOUSEHOLD"
"B28010_001","20","Kansas",1139738,3775,"Estimate!!Total:","COMPUTERS IN HOUSEHOLD"
"B28010_001","26","Michigan",3976729,8287,"Estimate!!Total:","COMPUTERS IN HOUSEHOLD"
"B28010_001","28","Mississippi",1108670,4270,"Estimate!!Total:","COMPUTERS IN HOUSEHOLD"
"B28010_001","08","Colorado",2227932,3823,"Estimate!!Total:","COMPUTERS IN HOUSEHOLD"
"B28010_001","12","Florida",8157420,21974,"Estimate!!Total:","COMPUTERS IN HOUSEHOLD"
"B28010_001","42","Pennsylvania",5147783,8001,"Estimate!!Total:","COMPUTERS IN HOUSEHOLD"
"B28010_001","19","Iowa",1275893,3252,"Estimate!!Total:","COMPUTERS IN HOUSEHOLD"
"B28010_001","21","Kentucky",1748475,5017,"Estimate!!Total:","COMPUTERS IN HOUSEHOLD"
"B28010_001","49","Utah",1033651,2531,"Estimate!!Total:","COMPUTERS IN HOUSEHOLD"
"B28010_001","29","Missouri",2433819,5438,"Estimate!!Total:","COMPUTERS IN HOUSEHOLD"
"B28010_001","33","New Hampshire",540498,1974,"Estimate!!Total:","COMPUTERS IN HOUSEHOLD"
"B28010_001","13","Georgia",3885371,8940,"Estimate!!Total:","COMPUTERS IN HOUSEHOLD"
"B28010_001","44","Rhode Island",426769,1986,"Estimate!!Total:","COMPUTERS IN HOUSEHOLD"
"B28010_001","46","South Dakota",345779,1419,"Estimate!!Total:","COMPUTERS IN HOUSEHOLD"
"B28010_001","48","Texas",10239341,15384,"Estimate!!Total:","COMPUTERS IN HOUSEHOLD"
"B28010_001","50","Vermont",262514,1418,"Estimate!!Total:","COMPUTERS IN HOUSEHOLD"
"B28010_001","30","Montana",436481,2253,"Estimate!!Total:","COMPUTERS IN HOUSEHOLD"
"B28010_001","34","New Jersey",3397156,5756,"Estimate!!Total:","COMPUTERS IN HOUSEHOLD"
"B28010_001","15","Hawaii",478413,2009,"Estimate!!Total:","COMPUTERS IN HOUSEHOLD"
"B28010_001","45","South Carolina",1976447,5877,"Estimate!!Total:","COMPUTERS IN HOUSEHOLD"
"B28010_001","47","Tennessee",2664791,6361,"Estimate!!Total:","COMPUTERS IN HOUSEHOLD"
"B28010_001","37","North Carolina",4034684,9031,"Estimate!!Total:","COMPUTERS IN HOUSEHOLD"
"B28010_001","51","Virginia",3248528,6651,"Estimate!!Total:","COMPUTERS IN HOUSEHOLD"
"B28010_001","31","Nebraska",766887,2420,"Estimate!!Total:","COMPUTERS IN HOUSEHOLD"
"B28010_001","35","New Mexico",797596,2730,"Estimate!!Total:","COMPUTERS IN HOUSEHOLD"
"B28010_001","53","Washington",2931841,4588,"Estimate!!Total:","COMPUTERS IN HOUSEHOLD"
"B28010_001","32","Nevada",1141952,2588,"Estimate!!Total:","COMPUTERS IN HOUSEHOLD"
"B28010_001","36","New York",7530150,13493,"Estimate!!Total:","COMPUTERS IN HOUSEHOLD"
"B28010_001","38","North Dakota",316542,1777,"Estimate!!Total:","COMPUTERS IN HOUSEHOLD"
"B28010_001","56","Wyoming",230653,1540,"Estimate!!Total:","COMPUTERS IN HOUSEHOLD"
"B28010_001","55","Wisconsin",2401818,5041,"Estimate!!Total:","COMPUTERS IN HOUSEHOLD"
"B28010_001","54","West Virginia",711352,2637,"Estimate!!Total:","COMPUTERS IN HOUSEHOLD"
"B28010_001","72","Puerto Rico",1196790,4278,"Estimate!!Total:","COMPUTERS IN HOUSEHOLD"
"B28010_002","22","Louisiana",1565982,6645,"Estimate!!Total:!!Has one or more types of computing devices:","COMPUTERS IN HOUSEHOLD"
"B28010_002","01","Alabama",1706822,6950,"Estimate!!Total:!!Has one or more types of computing devices:","COMPUTERS IN HOUSEHOLD"
"B28010_002","25","Massachusetts",2538022,5269,"Estimate!!Total:!!Has one or more types of computing devices:","COMPUTERS IN HOUSEHOLD"
"B28010_002","24","Maryland",2169790,4894,"Estimate!!Total:!!Has one or more types of computing devices:","COMPUTERS IN HOUSEHOLD"
"B28010_002","23","Maine",525832,2620,"Estimate!!Total:!!Has one or more types of computing devices:","COMPUTERS IN HOUSEHOLD"
"B28010_002","39","Ohio",4368120,9726,"Estimate!!Total:!!Has one or more types of computing devices:","COMPUTERS IN HOUSEHOLD"
"B28010_002","04","Arizona",2533201,6230,"Estimate!!Total:!!Has one or more types of computing devices:","COMPUTERS IN HOUSEHOLD"
"B28010_002","02","Alaska",248873,1503,"Estimate!!Total:!!Has one or more types of computing devices:","COMPUTERS IN HOUSEHOLD"
"B28010_002","26","Michigan",3675302,8848,"Estimate!!Total:!!Has one or more types of computing devices:","COMPUTERS IN HOUSEHOLD"
"B28010_002","05","Arkansas",1040511,4377,"Estimate!!Total:!!Has one or more types of computing devices:","COMPUTERS IN HOUSEHOLD"
"B28010_002","41","Oregon",1575572,4175,"Estimate!!Total:!!Has one or more types of computing devices:","COMPUTERS IN HOUSEHOLD"
"B28010_002","46","South Dakota",316345,1499,"Estimate!!Total:!!Has one or more types of computing devices:","COMPUTERS IN HOUSEHOLD"
"B28010_002","40","Oklahoma",1383956,3243,"Estimate!!Total:!!Has one or more types of computing devices:","COMPUTERS IN HOUSEHOLD"
"B28010_002","42","Pennsylvania",4678319,8726,"Estimate!!Total:!!Has one or more types of computing devices:","COMPUTERS IN HOUSEHOLD"
"B28010_002","47","Tennessee",2421491,7190,"Estimate!!Total:!!Has one or more types of computing devices:","COMPUTERS IN HOUSEHOLD"
"B28010_002","27","Minnesota",2091392,4937,"Estimate!!Total:!!Has one or more types of computing devices:","COMPUTERS IN HOUSEHOLD"
"B28010_002","06","California",12586778,22128,"Estimate!!Total:!!Has one or more types of computing devices:","COMPUTERS IN HOUSEHOLD"
"B28010_002","09","Connecticut",1302764,4010,"Estimate!!Total:!!Has one or more types of computing devices:","COMPUTERS IN HOUSEHOLD"
"B28010_002","11","District of Columbia",292737,2024,"Estimate!!Total:!!Has one or more types of computing devices:","COMPUTERS IN HOUSEHOLD"
"B28010_002","13","Georgia",3619549,10826,"Estimate!!Total:!!Has one or more types of computing devices:","COMPUTERS IN HOUSEHOLD"
"B28010_002","44","Rhode Island",392962,2283,"Estimate!!Total:!!Has one or more types of computing devices:","COMPUTERS IN HOUSEHOLD"
"B28010_002","48","Texas",9617538,18928,"Estimate!!Total:!!Has one or more types of computing devices:","COMPUTERS IN HOUSEHOLD"
"B28010_002","28","Mississippi",979889,4817,"Estimate!!Total:!!Has one or more types of computing devices:","COMPUTERS IN HOUSEHOLD"
"B28010_002","08","Colorado",2131145,4031,"Estimate!!Total:!!Has one or more types of computing devices:","COMPUTERS IN HOUSEHOLD"
"B28010_002","10","Delaware",359187,1906,"Estimate!!Total:!!Has one or more types of computing devices:","COMPUTERS IN HOUSEHOLD"
"B28010_002","12","Florida",7693785,23141,"Estimate!!Total:!!Has one or more types of computing devices:","COMPUTERS IN HOUSEHOLD"
"B28010_002","15","Hawaii",447987,2334,"Estimate!!Total:!!Has one or more types of computing devices:","COMPUTERS IN HOUSEHOLD"
"B28010_002","45","South Carolina",1811506,6839,"Estimate!!Total:!!Has one or more types of computing devices:","COMPUTERS IN HOUSEHOLD"
"B28010_002","49","Utah",999866,2798,"Estimate!!Total:!!Has one or more types of computing devices:","COMPUTERS IN HOUSEHOLD"
"B28010_002","29","Missouri",2240530,6619,"Estimate!!Total:!!Has one or more types of computing devices:","COMPUTERS IN HOUSEHOLD"
"B28010_002","31","Nebraska",711363,2750,"Estimate!!Total:!!Has one or more types of computing devices:","COMPUTERS IN HOUSEHOLD"
"B28010_002","33","New Hampshire",510443,2176,"Estimate!!Total:!!Has one or more types of computing devices:","COMPUTERS IN HOUSEHOLD"
"B28010_002","35","New Mexico",715435,3580,"Estimate!!Total:!!Has one or more types of computing devices:","COMPUTERS IN HOUSEHOLD"
"B28010_002","16","Idaho",619106,2899,"Estimate!!Total:!!Has one or more types of computing devices:","COMPUTERS IN HOUSEHOLD"
"B28010_002","18","Indiana",2404899,7884,"Estimate!!Total:!!Has one or more types of computing devices:","COMPUTERS IN HOUSEHOLD"
"B28010_002","50","Vermont",242354,1672,"Estimate!!Total:!!Has one or more types of computing devices:","COMPUTERS IN HOUSEHOLD"
"B28010_002","30","Montana",400534,2398,"Estimate!!Total:!!Has one or more types of computing devices:","COMPUTERS IN HOUSEHOLD"
"B28010_002","32","Nevada",1081432,3033,"Estimate!!Total:!!Has one or more types of computing devices:","COMPUTERS IN HOUSEHOLD"
"B28010_002","34","New Jersey",3189414,7315,"Estimate!!Total:!!Has one or more types of computing devices:","COMPUTERS IN HOUSEHOLD"
"B28010_002","36","New York",6941225,15333,"Estimate!!Total:!!Has one or more types of computing devices:","COMPUTERS IN HOUSEHOLD"
"B28010_002","17","Illinois",4567827,9183,"Estimate!!Total:!!Has one or more types of computing devices:","COMPUTERS IN HOUSEHOLD"
"B28010_002","19","Iowa",1169965,3864,"Estimate!!Total:!!Has one or more types of computing devices:","COMPUTERS IN HOUSEHOLD"
"B28010_002","51","Virginia",3032703,7788,"Estimate!!Total:!!Has one or more types of computing devices:","COMPUTERS IN HOUSEHOLD"
"B28010_002","54","West Virginia",622923,3475,"Estimate!!Total:!!Has one or more types of computing devices:","COMPUTERS IN HOUSEHOLD"
"B28010_002","56","Wyoming",216592,1790,"Estimate!!Total:!!Has one or more types of computing devices:","COMPUTERS IN HOUSEHOLD"
"B28010_002","53","Washington",2803456,5563,"Estimate!!Total:!!Has one or more types of computing devices:","COMPUTERS IN HOUSEHOLD"
"B28010_002","37","North Carolina",3712354,11326,"Estimate!!Total:!!Has one or more types of computing devices:","COMPUTERS IN HOUSEHOLD"
"B28010_002","72","Puerto Rico",908230,4677,"Estimate!!Total:!!Has one or more types of computing devices:","COMPUTERS IN HOUSEHOLD"
"B28010_002","20","Kansas",1062203,4122,"Estimate!!Total:!!Has one or more types of computing devices:","COMPUTERS IN HOUSEHOLD"
"B28010_002","38","North Dakota",291910,2111,"Estimate!!Total:!!Has one or more types of computing devices:","COMPUTERS IN HOUSEHOLD"
"B28010_002","55","Wisconsin",2208958,5366,"Estimate!!Total:!!Has one or more types of computing devices:","COMPUTERS IN HOUSEHOLD"
"B28010_002","21","Kentucky",1576610,5348,"Estimate!!Total:!!Has one or more types of computing devices:","COMPUTERS IN HOUSEHOLD"
"B28010_003","10","Delaware",302465,2257,"Estimate!!Total:!!Has one or more types of computing devices:!!Desktop or laptop","COMPUTERS IN HOUSEHOLD"
"B28010_003","09","Connecticut",1136950,4884,"Estimate!!Total:!!Has one or more types of computing devices:!!Desktop or laptop","COMPUTERS IN HOUSEHOLD"
"B28010_003","17","Illinois",3884332,12949,"Estimate!!Total:!!Has one or more types of computing devices:!!Desktop or laptop","COMPUTERS IN HOUSEHOLD"
"B28010_003","16","Idaho",539991,3955,"Estimate!!Total:!!Has one or more types of computing devices:!!Desktop or laptop","COMPUTERS IN HOUSEHOLD"
"B28010_003","01","Alabama",1327877,7682,"Estimate!!Total:!!Has one or more types of computing devices:!!Desktop or laptop","COMPUTERS IN HOUSEHOLD"
"B28010_003","04","Arizona",2184385,8590,"Estimate!!Total:!!Has one or more types of computing devices:!!Desktop or laptop","COMPUTERS IN HOUSEHOLD"
"B28010_003","06","California",11016839,31781,"Estimate!!Total:!!Has one or more types of computing devices:!!Desktop or laptop","COMPUTERS IN HOUSEHOLD"
"B28010_003","11","District of Columbia",256104,2297,"Estimate!!Total:!!Has one or more types of computing devices:!!Desktop or laptop","COMPUTERS IN HOUSEHOLD"
"B28010_003","13","Georgia",3053778,14937,"Estimate!!Total:!!Has one or more types of computing devices:!!Desktop or laptop","COMPUTERS IN HOUSEHOLD"
"B28010_003","18","Indiana",1972025,10490,"Estimate!!Total:!!Has one or more types of computing devices:!!Desktop or laptop","COMPUTERS IN HOUSEHOLD"
"B28010_003","20","Kansas",892915,5333,"Estimate!!Total:!!Has one or more types of computing devices:!!Desktop or laptop","COMPUTERS IN HOUSEHOLD"
"B28010_003","02","Alaska",210361,1758,"Estimate!!Total:!!Has one or more types of computing devices:!!Desktop or laptop","COMPUTERS IN HOUSEHOLD"
"B28010_003","05","Arkansas",794954,5936,"Estimate!!Total:!!Has one or more types of computing devices:!!Desktop or laptop","COMPUTERS IN HOUSEHOLD"
"B28010_003","08","Colorado",1908287,5819,"Estimate!!Total:!!Has one or more types of computing devices:!!Desktop or laptop","COMPUTERS IN HOUSEHOLD"
"B28010_003","12","Florida",6582540,29254,"Estimate!!Total:!!Has one or more types of computing devices:!!Desktop or laptop","COMPUTERS IN HOUSEHOLD"
"B28010_003","15","Hawaii",388411,2797,"Estimate!!Total:!!Has one or more types of computing devices:!!Desktop or laptop","COMPUTERS IN HOUSEHOLD"
"B28010_003","19","Iowa",981780,5391,"Estimate!!Total:!!Has one or more types of computing devices:!!Desktop or laptop","COMPUTERS IN HOUSEHOLD"
"B28010_003","21","Kentucky",1259484,7522,"Estimate!!Total:!!Has one or more types of computing devices:!!Desktop or laptop","COMPUTERS IN HOUSEHOLD"
"B28010_003","23","Maine",457706,2893,"Estimate!!Total:!!Has one or more types of computing devices:!!Desktop or laptop","COMPUTERS IN HOUSEHOLD"
"B28010_003","27","Minnesota",1830675,6459,"Estimate!!Total:!!Has one or more types of computing devices:!!Desktop or laptop","COMPUTERS IN HOUSEHOLD"
"B28010_003","29","Missouri",1843032,9452,"Estimate!!Total:!!Has one or more types of computing devices:!!Desktop or laptop","COMPUTERS IN HOUSEHOLD"
"B28010_003","33","New Hampshire",458004,2943,"Estimate!!Total:!!Has one or more types of computing devices:!!Desktop or laptop","COMPUTERS IN HOUSEHOLD"
"B28010_003","39","Ohio",3629510,13990,"Estimate!!Total:!!Has one or more types of computing devices:!!Desktop or laptop","COMPUTERS IN HOUSEHOLD"
"B28010_003","41","Oregon",1388729,5907,"Estimate!!Total:!!Has one or more types of computing devices:!!Desktop or laptop","COMPUTERS IN HOUSEHOLD"
"B28010_003","22","Louisiana",1204737,9160,"Estimate!!Total:!!Has one or more types of computing devices:!!Desktop or laptop","COMPUTERS IN HOUSEHOLD"
"B28010_003","24","Maryland",1925133,6582,"Estimate!!Total:!!Has one or more types of computing devices:!!Desktop or laptop","COMPUTERS IN HOUSEHOLD"
"B28010_003","28","Mississippi",718804,5708,"Estimate!!Total:!!Has one or more types of computing devices:!!Desktop or laptop","COMPUTERS IN HOUSEHOLD"
"B28010_003","30","Montana",346341,3082,"Estimate!!Total:!!Has one or more types of computing devices:!!Desktop or laptop","COMPUTERS IN HOUSEHOLD"
"B28010_003","34","New Jersey",2803506,9573,"Estimate!!Total:!!Has one or more types of computing devices:!!Desktop or laptop","COMPUTERS IN HOUSEHOLD"
"B28010_003","40","Oklahoma",1084214,4457,"Estimate!!Total:!!Has one or more types of computing devices:!!Desktop or laptop","COMPUTERS IN HOUSEHOLD"
"B28010_003","42","Pennsylvania",3977293,12831,"Estimate!!Total:!!Has one or more types of computing devices:!!Desktop or laptop","COMPUTERS IN HOUSEHOLD"
"B28010_003","45","South Carolina",1466212,8787,"Estimate!!Total:!!Has one or more types of computing devices:!!Desktop or laptop","COMPUTERS IN HOUSEHOLD"
"B28010_003","25","Massachusetts",2238681,7061,"Estimate!!Total:!!Has one or more types of computing devices:!!Desktop or laptop","COMPUTERS IN HOUSEHOLD"
"B28010_003","51","Virginia",2637340,11338,"Estimate!!Total:!!Has one or more types of computing devices:!!Desktop or laptop","COMPUTERS IN HOUSEHOLD"
"B28010_003","31","Nebraska",602740,3614,"Estimate!!Total:!!Has one or more types of computing devices:!!Desktop or laptop","COMPUTERS IN HOUSEHOLD"
"B28010_003","35","New Mexico",581118,4767,"Estimate!!Total:!!Has one or more types of computing devices:!!Desktop or laptop","COMPUTERS IN HOUSEHOLD"
"B28010_003","37","North Carolina",3115482,14216,"Estimate!!Total:!!Has one or more types of computing devices:!!Desktop or laptop","COMPUTERS IN HOUSEHOLD"
"B28010_003","44","Rhode Island",333758,2689,"Estimate!!Total:!!Has one or more types of computing devices:!!Desktop or laptop","COMPUTERS IN HOUSEHOLD"
"B28010_003","46","South Dakota",267211,2060,"Estimate!!Total:!!Has one or more types of computing devices:!!Desktop or laptop","COMPUTERS IN HOUSEHOLD"
"B28010_003","26","Michigan",3065044,11564,"Estimate!!Total:!!Has one or more types of computing devices:!!Desktop or laptop","COMPUTERS IN HOUSEHOLD"
"B28010_003","53","Washington",2500224,7645,"Estimate!!Total:!!Has one or more types of computing devices:!!Desktop or laptop","COMPUTERS IN HOUSEHOLD"
"B28010_003","32","Nevada",919307,4329,"Estimate!!Total:!!Has one or more types of computing devices:!!Desktop or laptop","COMPUTERS IN HOUSEHOLD"
"B28010_003","36","New York",5949202,21096,"Estimate!!Total:!!Has one or more types of computing devices:!!Desktop or laptop","COMPUTERS IN HOUSEHOLD"
"B28010_003","38","North Dakota",248409,2219,"Estimate!!Total:!!Has one or more types of computing devices:!!Desktop or laptop","COMPUTERS IN HOUSEHOLD"
"B28010_003","56","Wyoming",185800,1914,"Estimate!!Total:!!Has one or more types of computing devices:!!Desktop or laptop","COMPUTERS IN HOUSEHOLD"
"B28010_003","47","Tennessee",1953137,10006,"Estimate!!Total:!!Has one or more types of computing devices:!!Desktop or laptop","COMPUTERS IN HOUSEHOLD"
"B28010_003","49","Utah",909640,4027,"Estimate!!Total:!!Has one or more types of computing devices:!!Desktop or laptop","COMPUTERS IN HOUSEHOLD"
"B28010_003","54","West Virginia",490022,3835,"Estimate!!Total:!!Has one or more types of computing devices:!!Desktop or laptop","COMPUTERS IN HOUSEHOLD"
"B28010_003","48","Texas",7897276,29376,"Estimate!!Total:!!Has one or more types of computing devices:!!Desktop or laptop","COMPUTERS IN HOUSEHOLD"
"B28010_003","50","Vermont",216309,1657,"Estimate!!Total:!!Has one or more types of computing devices:!!Desktop or laptop","COMPUTERS IN HOUSEHOLD"
"B28010_003","55","Wisconsin",1892414,8085,"Estimate!!Total:!!Has one or more types of computing devices:!!Desktop or laptop","COMPUTERS IN HOUSEHOLD"
"B28010_003","72","Puerto Rico",540383,4147,"Estimate!!Total:!!Has one or more types of computing devices:!!Desktop or laptop","COMPUTERS IN HOUSEHOLD"
"B28010_004","21","Kentucky",68459,1681,"Estimate!!Total:!!Has one or more types of computing devices:!!Desktop or laptop!!Desktop or laptop alone","COMPUTERS IN HOUSEHOLD"
"B28010_004","39","Ohio",215739,3709,"Estimate!!Total:!!Has one or more types of computing devices:!!Desktop or laptop!!Desktop or laptop alone","COMPUTERS IN HOUSEHOLD"
"B28010_004","41","Oregon",72146,1891,"Estimate!!Total:!!Has one or more types of computing devices:!!Desktop or laptop!!Desktop or laptop alone","COMPUTERS IN HOUSEHOLD"
"B28010_004","22","Louisiana",53909,2008,"Estimate!!Total:!!Has one or more types of computing devices:!!Desktop or laptop!!Desktop or laptop alone","COMPUTERS IN HOUSEHOLD"
"B28010_004","40","Oklahoma",52202,1632,"Estimate!!Total:!!Has one or more types of computing devices:!!Desktop or laptop!!Desktop or laptop alone","COMPUTERS IN HOUSEHOLD"
"B28010_004","42","Pennsylvania",258632,3679,"Estimate!!Total:!!Has one or more types of computing devices:!!Desktop or laptop!!Desktop or laptop alone","COMPUTERS IN HOUSEHOLD"
"B28010_004","23","Maine",37956,1405,"Estimate!!Total:!!Has one or more types of computing devices:!!Desktop or laptop!!Desktop or laptop alone","COMPUTERS IN HOUSEHOLD"
"B28010_004","01","Alabama",68577,1925,"Estimate!!Total:!!Has one or more types of computing devices:!!Desktop or laptop!!Desktop or laptop alone","COMPUTERS IN HOUSEHOLD"
"B28010_004","04","Arizona",100413,2203,"Estimate!!Total:!!Has one or more types of computing devices:!!Desktop or laptop!!Desktop or laptop alone","COMPUTERS IN HOUSEHOLD"
"B28010_004","06","California",390716,4992,"Estimate!!Total:!!Has one or more types of computing devices:!!Desktop or laptop!!Desktop or laptop alone","COMPUTERS IN HOUSEHOLD"
"B28010_004","09","Connecticut",60288,1721,"Estimate!!Total:!!Has one or more types of computing devices:!!Desktop or laptop!!Desktop or laptop alone","COMPUTERS IN HOUSEHOLD"
"B28010_004","11","District of Columbia",6787,601,"Estimate!!Total:!!Has one or more types of computing devices:!!Desktop or laptop!!Desktop or laptop alone","COMPUTERS IN HOUSEHOLD"
"B28010_004","44","Rhode Island",19721,1130,"Estimate!!Total:!!Has one or more types of computing devices:!!Desktop or laptop!!Desktop or laptop alone","COMPUTERS IN HOUSEHOLD"
"B28010_004","24","Maryland",83230,2311,"Estimate!!Total:!!Has one or more types of computing devices:!!Desktop or laptop!!Desktop or laptop alone","COMPUTERS IN HOUSEHOLD"
"B28010_004","02","Alaska",7831,579,"Estimate!!Total:!!Has one or more types of computing devices:!!Desktop or laptop!!Desktop or laptop alone","COMPUTERS IN HOUSEHOLD"
"B28010_004","05","Arkansas",42336,1477,"Estimate!!Total:!!Has one or more types of computing devices:!!Desktop or laptop!!Desktop or laptop alone","COMPUTERS IN HOUSEHOLD"
"B28010_004","08","Colorado",78252,2209,"Estimate!!Total:!!Has one or more types of computing devices:!!Desktop or laptop!!Desktop or laptop alone","COMPUTERS IN HOUSEHOLD"
"B28010_004","10","Delaware",14877,898,"Estimate!!Total:!!Has one or more types of computing devices:!!Desktop or laptop!!Desktop or laptop alone","COMPUTERS IN HOUSEHOLD"
"B28010_004","12","Florida",307381,5012,"Estimate!!Total:!!Has one or more types of computing devices:!!Desktop or laptop!!Desktop or laptop alone","COMPUTERS IN HOUSEHOLD"
"B28010_004","45","South Carolina",72192,2184,"Estimate!!Total:!!Has one or more types of computing devices:!!Desktop or laptop!!Desktop or laptop alone","COMPUTERS IN HOUSEHOLD"
"B28010_004","25","Massachusetts",118163,2359,"Estimate!!Total:!!Has one or more types of computing devices:!!Desktop or laptop!!Desktop or laptop alone","COMPUTERS IN HOUSEHOLD"
"B28010_004","27","Minnesota",94746,1883,"Estimate!!Total:!!Has one or more types of computing devices:!!Desktop or laptop!!Desktop or laptop alone","COMPUTERS IN HOUSEHOLD"
"B28010_004","29","Missouri",104612,2527,"Estimate!!Total:!!Has one or more types of computing devices:!!Desktop or laptop!!Desktop or laptop alone","COMPUTERS IN HOUSEHOLD"
"B28010_004","31","Nebraska",34257,1143,"Estimate!!Total:!!Has one or more types of computing devices:!!Desktop or laptop!!Desktop or laptop alone","COMPUTERS IN HOUSEHOLD"
"B28010_004","33","New Hampshire",28679,1078,"Estimate!!Total:!!Has one or more types of computing devices:!!Desktop or laptop!!Desktop or laptop alone","COMPUTERS IN HOUSEHOLD"
"B28010_004","13","Georgia",120735,2600,"Estimate!!Total:!!Has one or more types of computing devices:!!Desktop or laptop!!Desktop or laptop alone","COMPUTERS IN HOUSEHOLD"
"B28010_004","46","South Dakota",17612,806,"Estimate!!Total:!!Has one or more types of computing devices:!!Desktop or laptop!!Desktop or laptop alone","COMPUTERS IN HOUSEHOLD"
"B28010_004","26","Michigan",169815,2698,"Estimate!!Total:!!Has one or more types of computing devices:!!Desktop or laptop!!Desktop or laptop alone","COMPUTERS IN HOUSEHOLD"
"B28010_004","28","Mississippi",35717,1618,"Estimate!!Total:!!Has one or more types of computing devices:!!Desktop or laptop!!Desktop or laptop alone","COMPUTERS IN HOUSEHOLD"
"B28010_004","30","Montana",23965,884,"Estimate!!Total:!!Has one or more types of computing devices:!!Desktop or laptop!!Desktop or laptop alone","COMPUTERS IN HOUSEHOLD"
"B28010_004","32","Nevada",43011,1553,"Estimate!!Total:!!Has one or more types of computing devices:!!Desktop or laptop!!Desktop or laptop alone","COMPUTERS IN HOUSEHOLD"
"B28010_004","34","New Jersey",131728,2603,"Estimate!!Total:!!Has one or more types of computing devices:!!Desktop or laptop!!Desktop or laptop alone","COMPUTERS IN HOUSEHOLD"
"B28010_004","15","Hawaii",16389,951,"Estimate!!Total:!!Has one or more types of computing devices:!!Desktop or laptop!!Desktop or laptop alone","COMPUTERS IN HOUSEHOLD"
"B28010_004","47","Tennessee",96071,2309,"Estimate!!Total:!!Has one or more types of computing devices:!!Desktop or laptop!!Desktop or laptop alone","COMPUTERS IN HOUSEHOLD"
"B28010_004","49","Utah",26356,1351,"Estimate!!Total:!!Has one or more types of computing devices:!!Desktop or laptop!!Desktop or laptop alone","COMPUTERS IN HOUSEHOLD"
"B28010_004","51","Virginia",116465,2581,"Estimate!!Total:!!Has one or more types of computing devices:!!Desktop or laptop!!Desktop or laptop alone","COMPUTERS IN HOUSEHOLD"
"B28010_004","54","West Virginia",41284,1594,"Estimate!!Total:!!Has one or more types of computing devices:!!Desktop or laptop!!Desktop or laptop alone","COMPUTERS IN HOUSEHOLD"
"B28010_004","56","Wyoming",10530,734,"Estimate!!Total:!!Has one or more types of computing devices:!!Desktop or laptop!!Desktop or laptop alone","COMPUTERS IN HOUSEHOLD"
"B28010_004","35","New Mexico",34145,1530,"Estimate!!Total:!!Has one or more types of computing devices:!!Desktop or laptop!!Desktop or laptop alone","COMPUTERS IN HOUSEHOLD"
"B28010_004","16","Idaho",28155,1293,"Estimate!!Total:!!Has one or more types of computing devices:!!Desktop or laptop!!Desktop or laptop alone","COMPUTERS IN HOUSEHOLD"
"B28010_004","48","Texas",266198,5022,"Estimate!!Total:!!Has one or more types of computing devices:!!Desktop or laptop!!Desktop or laptop alone","COMPUTERS IN HOUSEHOLD"
"B28010_004","50","Vermont",18995,934,"Estimate!!Total:!!Has one or more types of computing devices:!!Desktop or laptop!!Desktop or laptop alone","COMPUTERS IN HOUSEHOLD"
"B28010_004","53","Washington",109716,2432,"Estimate!!Total:!!Has one or more types of computing devices:!!Desktop or laptop!!Desktop or laptop alone","COMPUTERS IN HOUSEHOLD"
"B28010_004","55","Wisconsin",118858,2467,"Estimate!!Total:!!Has one or more types of computing devices:!!Desktop or laptop!!Desktop or laptop alone","COMPUTERS IN HOUSEHOLD"
"B28010_004","72","Puerto Rico",38693,1330,"Estimate!!Total:!!Has one or more types of computing devices:!!Desktop or laptop!!Desktop or laptop alone","COMPUTERS IN HOUSEHOLD"
"B28010_004","36","New York",325867,4010,"Estimate!!Total:!!Has one or more types of computing devices:!!Desktop or laptop!!Desktop or laptop alone","COMPUTERS IN HOUSEHOLD"
"B28010_004","17","Illinois",179329,3594,"Estimate!!Total:!!Has one or more types of computing devices:!!Desktop or laptop!!Desktop or laptop alone","COMPUTERS IN HOUSEHOLD"
"B28010_004","19","Iowa",59203,1333,"Estimate!!Total:!!Has one or more types of computing devices:!!Desktop or laptop!!Desktop or laptop alone","COMPUTERS IN HOUSEHOLD"
"B28010_004","37","North Carolina",152423,3457,"Estimate!!Total:!!Has one or more types of computing devices:!!Desktop or laptop!!Desktop or laptop alone","COMPUTERS IN HOUSEHOLD"
"B28010_004","18","Indiana",107511,2386,"Estimate!!Total:!!Has one or more types of computing devices:!!Desktop or laptop!!Desktop or laptop alone","COMPUTERS IN HOUSEHOLD"
"B28010_004","20","Kansas",49087,1741,"Estimate!!Total:!!Has one or more types of computing devices:!!Desktop or laptop!!Desktop or laptop alone","COMPUTERS IN HOUSEHOLD"
"B28010_004","38","North Dakota",13883,825,"Estimate!!Total:!!Has one or more types of computing devices:!!Desktop or laptop!!Desktop or laptop alone","COMPUTERS IN HOUSEHOLD"
"B28010_005","01","Alabama",1638245,7013,"Estimate!!Total:!!Has one or more types of computing devices:!!Smartphone, tablet or other portable wireless computer or other computer","COMPUTERS IN HOUSEHOLD"
"B28010_005","04","Arizona",2432788,6388,"Estimate!!Total:!!Has one or more types of computing devices:!!Smartphone, tablet or other portable wireless computer or other computer","COMPUTERS IN HOUSEHOLD"
"B28010_005","09","Connecticut",1242476,4138,"Estimate!!Total:!!Has one or more types of computing devices:!!Smartphone, tablet or other portable wireless computer or other computer","COMPUTERS IN HOUSEHOLD"
"B28010_005","11","District of Columbia",285950,2030,"Estimate!!Total:!!Has one or more types of computing devices:!!Smartphone, tablet or other portable wireless computer or other computer","COMPUTERS IN HOUSEHOLD"
"B28010_005","05","Arkansas",998175,4273,"Estimate!!Total:!!Has one or more types of computing devices:!!Smartphone, tablet or other portable wireless computer or other computer","COMPUTERS IN HOUSEHOLD"
"B28010_005","10","Delaware",344310,1863,"Estimate!!Total:!!Has one or more types of computing devices:!!Smartphone, tablet or other portable wireless computer or other computer","COMPUTERS IN HOUSEHOLD"
"B28010_005","12","Florida",7386404,21558,"Estimate!!Total:!!Has one or more types of computing devices:!!Smartphone, tablet or other portable wireless computer or other computer","COMPUTERS IN HOUSEHOLD"
"B28010_005","02","Alaska",241042,1578,"Estimate!!Total:!!Has one or more types of computing devices:!!Smartphone, tablet or other portable wireless computer or other computer","COMPUTERS IN HOUSEHOLD"
"B28010_005","21","Kentucky",1508151,4848,"Estimate!!Total:!!Has one or more types of computing devices:!!Smartphone, tablet or other portable wireless computer or other computer","COMPUTERS IN HOUSEHOLD"
"B28010_005","23","Maine",487876,2789,"Estimate!!Total:!!Has one or more types of computing devices:!!Smartphone, tablet or other portable wireless computer or other computer","COMPUTERS IN HOUSEHOLD"
"B28010_005","27","Minnesota",1996646,5044,"Estimate!!Total:!!Has one or more types of computing devices:!!Smartphone, tablet or other portable wireless computer or other computer","COMPUTERS IN HOUSEHOLD"
"B28010_005","06","California",12196062,21029,"Estimate!!Total:!!Has one or more types of computing devices:!!Smartphone, tablet or other portable wireless computer or other computer","COMPUTERS IN HOUSEHOLD"
"B28010_005","33","New Hampshire",481764,2421,"Estimate!!Total:!!Has one or more types of computing devices:!!Smartphone, tablet or other portable wireless computer or other computer","COMPUTERS IN HOUSEHOLD"
"B28010_005","13","Georgia",3498814,10774,"Estimate!!Total:!!Has one or more types of computing devices:!!Smartphone, tablet or other portable wireless computer or other computer","COMPUTERS IN HOUSEHOLD"
"B28010_005","16","Idaho",590951,3121,"Estimate!!Total:!!Has one or more types of computing devices:!!Smartphone, tablet or other portable wireless computer or other computer","COMPUTERS IN HOUSEHOLD"
"B28010_005","22","Louisiana",1512073,6676,"Estimate!!Total:!!Has one or more types of computing devices:!!Smartphone, tablet or other portable wireless computer or other computer","COMPUTERS IN HOUSEHOLD"
"B28010_005","24","Maryland",2086560,4951,"Estimate!!Total:!!Has one or more types of computing devices:!!Smartphone, tablet or other portable wireless computer or other computer","COMPUTERS IN HOUSEHOLD"
"B28010_005","28","Mississippi",944172,4778,"Estimate!!Total:!!Has one or more types of computing devices:!!Smartphone, tablet or other portable wireless computer or other computer","COMPUTERS IN HOUSEHOLD"
"B28010_005","08","Colorado",2052893,4423,"Estimate!!Total:!!Has one or more types of computing devices:!!Smartphone, tablet or other portable wireless computer or other computer","COMPUTERS IN HOUSEHOLD"
"B28010_005","34","New Jersey",3057686,6907,"Estimate!!Total:!!Has one or more types of computing devices:!!Smartphone, tablet or other portable wireless computer or other computer","COMPUTERS IN HOUSEHOLD"
"B28010_005","15","Hawaii",431598,2377,"Estimate!!Total:!!Has one or more types of computing devices:!!Smartphone, tablet or other portable wireless computer or other computer","COMPUTERS IN HOUSEHOLD"
"B28010_005","17","Illinois",4388498,9020,"Estimate!!Total:!!Has one or more types of computing devices:!!Smartphone, tablet or other portable wireless computer or other computer","COMPUTERS IN HOUSEHOLD"
"B28010_005","19","Iowa",1110762,3769,"Estimate!!Total:!!Has one or more types of computing devices:!!Smartphone, tablet or other portable wireless computer or other computer","COMPUTERS IN HOUSEHOLD"
"B28010_005","25","Massachusetts",2419859,5180,"Estimate!!Total:!!Has one or more types of computing devices:!!Smartphone, tablet or other portable wireless computer or other computer","COMPUTERS IN HOUSEHOLD"
"B28010_005","29","Missouri",2135918,6500,"Estimate!!Total:!!Has one or more types of computing devices:!!Smartphone, tablet or other portable wireless computer or other computer","COMPUTERS IN HOUSEHOLD"
"B28010_005","31","Nebraska",677106,2744,"Estimate!!Total:!!Has one or more types of computing devices:!!Smartphone, tablet or other portable wireless computer or other computer","COMPUTERS IN HOUSEHOLD"
"B28010_005","35","New Mexico",681290,3378,"Estimate!!Total:!!Has one or more types of computing devices:!!Smartphone, tablet or other portable wireless computer or other computer","COMPUTERS IN HOUSEHOLD"
"B28010_005","37","North Carolina",3559931,10982,"Estimate!!Total:!!Has one or more types of computing devices:!!Smartphone, tablet or other portable wireless computer or other computer","COMPUTERS IN HOUSEHOLD"
"B28010_005","18","Indiana",2297388,7486,"Estimate!!Total:!!Has one or more types of computing devices:!!Smartphone, tablet or other portable wireless computer or other computer","COMPUTERS IN HOUSEHOLD"
"B28010_005","20","Kansas",1013116,4014,"Estimate!!Total:!!Has one or more types of computing devices:!!Smartphone, tablet or other portable wireless computer or other computer","COMPUTERS IN HOUSEHOLD"
"B28010_005","26","Michigan",3505487,8056,"Estimate!!Total:!!Has one or more types of computing devices:!!Smartphone, tablet or other portable wireless computer or other computer","COMPUTERS IN HOUSEHOLD"
"B28010_005","30","Montana",376569,2331,"Estimate!!Total:!!Has one or more types of computing devices:!!Smartphone, tablet or other portable wireless computer or other computer","COMPUTERS IN HOUSEHOLD"
"B28010_005","32","Nevada",1038421,3326,"Estimate!!Total:!!Has one or more types of computing devices:!!Smartphone, tablet or other portable wireless computer or other computer","COMPUTERS IN HOUSEHOLD"
"B28010_005","36","New York",6615358,14169,"Estimate!!Total:!!Has one or more types of computing devices:!!Smartphone, tablet or other portable wireless computer or other computer","COMPUTERS IN HOUSEHOLD"
"B28010_005","38","North Dakota",278027,2094,"Estimate!!Total:!!Has one or more types of computing devices:!!Smartphone, tablet or other portable wireless computer or other computer","COMPUTERS IN HOUSEHOLD"
"B28010_005","40","Oklahoma",1331754,3202,"Estimate!!Total:!!Has one or more types of computing devices:!!Smartphone, tablet or other portable wireless computer or other computer","COMPUTERS IN HOUSEHOLD"
"B28010_005","45","South Carolina",1739314,6518,"Estimate!!Total:!!Has one or more types of computing devices:!!Smartphone, tablet or other portable wireless computer or other computer","COMPUTERS IN HOUSEHOLD"
"B28010_005","47","Tennessee",2325420,7140,"Estimate!!Total:!!Has one or more types of computing devices:!!Smartphone, tablet or other portable wireless computer or other computer","COMPUTERS IN HOUSEHOLD"
"B28010_005","51","Virginia",2916238,7661,"Estimate!!Total:!!Has one or more types of computing devices:!!Smartphone, tablet or other portable wireless computer or other computer","COMPUTERS IN HOUSEHOLD"
"B28010_005","54","West Virginia",581639,3500,"Estimate!!Total:!!Has one or more types of computing devices:!!Smartphone, tablet or other portable wireless computer or other computer","COMPUTERS IN HOUSEHOLD"
"B28010_005","56","Wyoming",206062,1917,"Estimate!!Total:!!Has one or more types of computing devices:!!Smartphone, tablet or other portable wireless computer or other computer","COMPUTERS IN HOUSEHOLD"
"B28010_005","39","Ohio",4152381,9154,"Estimate!!Total:!!Has one or more types of computing devices:!!Smartphone, tablet or other portable wireless computer or other computer","COMPUTERS IN HOUSEHOLD"
"B28010_005","41","Oregon",1503426,4232,"Estimate!!Total:!!Has one or more types of computing devices:!!Smartphone, tablet or other portable wireless computer or other computer","COMPUTERS IN HOUSEHOLD"
"B28010_005","46","South Dakota",298733,1752,"Estimate!!Total:!!Has one or more types of computing devices:!!Smartphone, tablet or other portable wireless computer or other computer","COMPUTERS IN HOUSEHOLD"
"B28010_005","48","Texas",9351340,17642,"Estimate!!Total:!!Has one or more types of computing devices:!!Smartphone, tablet or other portable wireless computer or other computer","COMPUTERS IN HOUSEHOLD"
"B28010_005","53","Washington",2693740,5538,"Estimate!!Total:!!Has one or more types of computing devices:!!Smartphone, tablet or other portable wireless computer or other computer","COMPUTERS IN HOUSEHOLD"
"B28010_005","55","Wisconsin",2090100,5215,"Estimate!!Total:!!Has one or more types of computing devices:!!Smartphone, tablet or other portable wireless computer or other computer","COMPUTERS IN HOUSEHOLD"
"B28010_005","72","Puerto Rico",869537,4494,"Estimate!!Total:!!Has one or more types of computing devices:!!Smartphone, tablet or other portable wireless computer or other computer","COMPUTERS IN HOUSEHOLD"
"B28010_005","44","Rhode Island",373241,2536,"Estimate!!Total:!!Has one or more types of computing devices:!!Smartphone, tablet or other portable wireless computer or other computer","COMPUTERS IN HOUSEHOLD"
"B28010_005","42","Pennsylvania",4419687,8695,"Estimate!!Total:!!Has one or more types of computing devices:!!Smartphone, tablet or other portable wireless computer or other computer","COMPUTERS IN HOUSEHOLD"
"B28010_005","50","Vermont",223359,1567,"Estimate!!Total:!!Has one or more types of computing devices:!!Smartphone, tablet or other portable wireless computer or other computer","COMPUTERS IN HOUSEHOLD"
"B28010_005","49","Utah",973510,2616,"Estimate!!Total:!!Has one or more types of computing devices:!!Smartphone, tablet or other portable wireless computer or other computer","COMPUTERS IN HOUSEHOLD"
"B28010_006","38","North Dakota",43501,1496,"Estimate!!Total:!!Has one or more types of computing devices:!!Smartphone, tablet or other portable wireless computer or other computer!!Smartphone, tablet or other portable wireless computer or other computer, no desktop or laptop","COMPUTERS IN HOUSEHOLD"
"B28010_006","04","Arizona",348816,4694,"Estimate!!Total:!!Has one or more types of computing devices:!!Smartphone, tablet or other portable wireless computer or other computer!!Smartphone, tablet or other portable wireless computer or other computer, no desktop or laptop","COMPUTERS IN HOUSEHOLD"
"B28010_006","21","Kentucky",317126,4692,"Estimate!!Total:!!Has one or more types of computing devices:!!Smartphone, tablet or other portable wireless computer or other computer!!Smartphone, tablet or other portable wireless computer or other computer, no desktop or laptop","COMPUTERS IN HOUSEHOLD"
"B28010_006","39","Ohio",738610,7123,"Estimate!!Total:!!Has one or more types of computing devices:!!Smartphone, tablet or other portable wireless computer or other computer!!Smartphone, tablet or other portable wireless computer or other computer, no desktop or laptop","COMPUTERS IN HOUSEHOLD"
"B28010_006","01","Alabama",378945,4323,"Estimate!!Total:!!Has one or more types of computing devices:!!Smartphone, tablet or other portable wireless computer or other computer!!Smartphone, tablet or other portable wireless computer or other computer, no desktop or laptop","COMPUTERS IN HOUSEHOLD"
"B28010_006","22","Louisiana",361245,5974,"Estimate!!Total:!!Has one or more types of computing devices:!!Smartphone, tablet or other portable wireless computer or other computer!!Smartphone, tablet or other portable wireless computer or other computer, no desktop or laptop","COMPUTERS IN HOUSEHOLD"
"B28010_006","06","California",1569939,13306,"Estimate!!Total:!!Has one or more types of computing devices:!!Smartphone, tablet or other portable wireless computer or other computer!!Smartphone, tablet or other portable wireless computer or other computer, no desktop or laptop","COMPUTERS IN HOUSEHOLD"
"B28010_006","02","Alaska",38512,1325,"Estimate!!Total:!!Has one or more types of computing devices:!!Smartphone, tablet or other portable wireless computer or other computer!!Smartphone, tablet or other portable wireless computer or other computer, no desktop or laptop","COMPUTERS IN HOUSEHOLD"
"B28010_006","05","Arkansas",245557,4384,"Estimate!!Total:!!Has one or more types of computing devices:!!Smartphone, tablet or other portable wireless computer or other computer!!Smartphone, tablet or other portable wireless computer or other computer, no desktop or laptop","COMPUTERS IN HOUSEHOLD"
"B28010_006","08","Colorado",222858,3957,"Estimate!!Total:!!Has one or more types of computing devices:!!Smartphone, tablet or other portable wireless computer or other computer!!Smartphone, tablet or other portable wireless computer or other computer, no desktop or laptop","COMPUTERS IN HOUSEHOLD"
"B28010_006","40","Oklahoma",299742,3879,"Estimate!!Total:!!Has one or more types of computing devices:!!Smartphone, tablet or other portable wireless computer or other computer!!Smartphone, tablet or other portable wireless computer or other computer, no desktop or laptop","COMPUTERS IN HOUSEHOLD"
"B28010_006","42","Pennsylvania",701026,6834,"Estimate!!Total:!!Has one or more types of computing devices:!!Smartphone, tablet or other portable wireless computer or other computer!!Smartphone, tablet or other portable wireless computer or other computer, no desktop or laptop","COMPUTERS IN HOUSEHOLD"
"B28010_006","23","Maine",68126,1840,"Estimate!!Total:!!Has one or more types of computing devices:!!Smartphone, tablet or other portable wireless computer or other computer!!Smartphone, tablet or other portable wireless computer or other computer, no desktop or laptop","COMPUTERS IN HOUSEHOLD"
"B28010_006","25","Massachusetts",299341,4325,"Estimate!!Total:!!Has one or more types of computing devices:!!Smartphone, tablet or other portable wireless computer or other computer!!Smartphone, tablet or other portable wireless computer or other computer, no desktop or laptop","COMPUTERS IN HOUSEHOLD"
"B28010_006","27","Minnesota",260717,3425,"Estimate!!Total:!!Has one or more types of computing devices:!!Smartphone, tablet or other portable wireless computer or other computer!!Smartphone, tablet or other portable wireless computer or other computer, no desktop or laptop","COMPUTERS IN HOUSEHOLD"
"B28010_006","29","Missouri",397498,5911,"Estimate!!Total:!!Has one or more types of computing devices:!!Smartphone, tablet or other portable wireless computer or other computer!!Smartphone, tablet or other portable wireless computer or other computer, no desktop or laptop","COMPUTERS IN HOUSEHOLD"
"B28010_006","09","Connecticut",165814,2827,"Estimate!!Total:!!Has one or more types of computing devices:!!Smartphone, tablet or other portable wireless computer or other computer!!Smartphone, tablet or other portable wireless computer or other computer, no desktop or laptop","COMPUTERS IN HOUSEHOLD"
"B28010_006","41","Oregon",186843,3410,"Estimate!!Total:!!Has one or more types of computing devices:!!Smartphone, tablet or other portable wireless computer or other computer!!Smartphone, tablet or other portable wireless computer or other computer, no desktop or laptop","COMPUTERS IN HOUSEHOLD"
"B28010_006","44","Rhode Island",59204,1831,"Estimate!!Total:!!Has one or more types of computing devices:!!Smartphone, tablet or other portable wireless computer or other computer!!Smartphone, tablet or other portable wireless computer or other computer, no desktop or laptop","COMPUTERS IN HOUSEHOLD"
"B28010_006","24","Maryland",244657,4351,"Estimate!!Total:!!Has one or more types of computing devices:!!Smartphone, tablet or other portable wireless computer or other computer!!Smartphone, tablet or other portable wireless computer or other computer, no desktop or laptop","COMPUTERS IN HOUSEHOLD"
"B28010_006","26","Michigan",610258,6110,"Estimate!!Total:!!Has one or more types of computing devices:!!Smartphone, tablet or other portable wireless computer or other computer!!Smartphone, tablet or other portable wireless computer or other computer, no desktop or laptop","COMPUTERS IN HOUSEHOLD"
"B28010_006","28","Mississippi",261085,4070,"Estimate!!Total:!!Has one or more types of computing devices:!!Smartphone, tablet or other portable wireless computer or other computer!!Smartphone, tablet or other portable wireless computer or other computer, no desktop or laptop","COMPUTERS IN HOUSEHOLD"
"B28010_006","30","Montana",54193,1834,"Estimate!!Total:!!Has one or more types of computing devices:!!Smartphone, tablet or other portable wireless computer or other computer!!Smartphone, tablet or other portable wireless computer or other computer, no desktop or laptop","COMPUTERS IN HOUSEHOLD"
"B28010_006","10","Delaware",56722,2036,"Estimate!!Total:!!Has one or more types of computing devices:!!Smartphone, tablet or other portable wireless computer or other computer!!Smartphone, tablet or other portable wireless computer or other computer, no desktop or laptop","COMPUTERS IN HOUSEHOLD"
"B28010_006","15","Hawaii",59576,1862,"Estimate!!Total:!!Has one or more types of computing devices:!!Smartphone, tablet or other portable wireless computer or other computer!!Smartphone, tablet or other portable wireless computer or other computer, no desktop or laptop","COMPUTERS IN HOUSEHOLD"
"B28010_006","45","South Carolina",345294,5439,"Estimate!!Total:!!Has one or more types of computing devices:!!Smartphone, tablet or other portable wireless computer or other computer!!Smartphone, tablet or other portable wireless computer or other computer, no desktop or laptop","COMPUTERS IN HOUSEHOLD"
"B28010_006","47","Tennessee",468354,6051,"Estimate!!Total:!!Has one or more types of computing devices:!!Smartphone, tablet or other portable wireless computer or other computer!!Smartphone, tablet or other portable wireless computer or other computer, no desktop or laptop","COMPUTERS IN HOUSEHOLD"
"B28010_006","49","Utah",90226,2580,"Estimate!!Total:!!Has one or more types of computing devices:!!Smartphone, tablet or other portable wireless computer or other computer!!Smartphone, tablet or other portable wireless computer or other computer, no desktop or laptop","COMPUTERS IN HOUSEHOLD"
"B28010_006","51","Virginia",395363,5617,"Estimate!!Total:!!Has one or more types of computing devices:!!Smartphone, tablet or other portable wireless computer or other computer!!Smartphone, tablet or other portable wireless computer or other computer, no desktop or laptop","COMPUTERS IN HOUSEHOLD"
"B28010_006","31","Nebraska",108623,2127,"Estimate!!Total:!!Has one or more types of computing devices:!!Smartphone, tablet or other portable wireless computer or other computer!!Smartphone, tablet or other portable wireless computer or other computer, no desktop or laptop","COMPUTERS IN HOUSEHOLD"
"B28010_006","11","District of Columbia",36633,1781,"Estimate!!Total:!!Has one or more types of computing devices:!!Smartphone, tablet or other portable wireless computer or other computer!!Smartphone, tablet or other portable wireless computer or other computer, no desktop or laptop","COMPUTERS IN HOUSEHOLD"
"B28010_006","16","Idaho",79115,2246,"Estimate!!Total:!!Has one or more types of computing devices:!!Smartphone, tablet or other portable wireless computer or other computer!!Smartphone, tablet or other portable wireless computer or other computer, no desktop or laptop","COMPUTERS IN HOUSEHOLD"
"B28010_006","46","South Dakota",49134,1559,"Estimate!!Total:!!Has one or more types of computing devices:!!Smartphone, tablet or other portable wireless computer or other computer!!Smartphone, tablet or other portable wireless computer or other computer, no desktop or laptop","COMPUTERS IN HOUSEHOLD"
"B28010_006","48","Texas",1720262,16844,"Estimate!!Total:!!Has one or more types of computing devices:!!Smartphone, tablet or other portable wireless computer or other computer!!Smartphone, tablet or other portable wireless computer or other computer, no desktop or laptop","COMPUTERS IN HOUSEHOLD"
"B28010_006","50","Vermont",26045,1037,"Estimate!!Total:!!Has one or more types of computing devices:!!Smartphone, tablet or other portable wireless computer or other computer!!Smartphone, tablet or other portable wireless computer or other computer, no desktop or laptop","COMPUTERS IN HOUSEHOLD"
"B28010_006","53","Washington",303232,4561,"Estimate!!Total:!!Has one or more types of computing devices:!!Smartphone, tablet or other portable wireless computer or other computer!!Smartphone, tablet or other portable wireless computer or other computer, no desktop or laptop","COMPUTERS IN HOUSEHOLD"
"B28010_006","32","Nevada",162125,3114,"Estimate!!Total:!!Has one or more types of computing devices:!!Smartphone, tablet or other portable wireless computer or other computer!!Smartphone, tablet or other portable wireless computer or other computer, no desktop or laptop","COMPUTERS IN HOUSEHOLD"
"B28010_006","12","Florida",1111245,11103,"Estimate!!Total:!!Has one or more types of computing devices:!!Smartphone, tablet or other portable wireless computer or other computer!!Smartphone, tablet or other portable wireless computer or other computer, no desktop or laptop","COMPUTERS IN HOUSEHOLD"
"B28010_006","17","Illinois",683495,6951,"Estimate!!Total:!!Has one or more types of computing devices:!!Smartphone, tablet or other portable wireless computer or other computer!!Smartphone, tablet or other portable wireless computer or other computer, no desktop or laptop","COMPUTERS IN HOUSEHOLD"
"B28010_006","19","Iowa",188185,2816,"Estimate!!Total:!!Has one or more types of computing devices:!!Smartphone, tablet or other portable wireless computer or other computer!!Smartphone, tablet or other portable wireless computer or other computer, no desktop or laptop","COMPUTERS IN HOUSEHOLD"
"B28010_006","13","Georgia",565771,8048,"Estimate!!Total:!!Has one or more types of computing devices:!!Smartphone, tablet or other portable wireless computer or other computer!!Smartphone, tablet or other portable wireless computer or other computer, no desktop or laptop","COMPUTERS IN HOUSEHOLD"
"B28010_006","18","Indiana",432874,5464,"Estimate!!Total:!!Has one or more types of computing devices:!!Smartphone, tablet or other portable wireless computer or other computer!!Smartphone, tablet or other portable wireless computer or other computer, no desktop or laptop","COMPUTERS IN HOUSEHOLD"
"B28010_006","54","West Virginia",132901,3050,"Estimate!!Total:!!Has one or more types of computing devices:!!Smartphone, tablet or other portable wireless computer or other computer!!Smartphone, tablet or other portable wireless computer or other computer, no desktop or laptop","COMPUTERS IN HOUSEHOLD"
"B28010_006","33","New Hampshire",52439,2037,"Estimate!!Total:!!Has one or more types of computing devices:!!Smartphone, tablet or other portable wireless computer or other computer!!Smartphone, tablet or other portable wireless computer or other computer, no desktop or laptop","COMPUTERS IN HOUSEHOLD"
"B28010_006","56","Wyoming",30792,1411,"Estimate!!Total:!!Has one or more types of computing devices:!!Smartphone, tablet or other portable wireless computer or other computer!!Smartphone, tablet or other portable wireless computer or other computer, no desktop or laptop","COMPUTERS IN HOUSEHOLD"
"B28010_006","55","Wisconsin",316544,4402,"Estimate!!Total:!!Has one or more types of computing devices:!!Smartphone, tablet or other portable wireless computer or other computer!!Smartphone, tablet or other portable wireless computer or other computer, no desktop or laptop","COMPUTERS IN HOUSEHOLD"
"B28010_006","20","Kansas",169288,3189,"Estimate!!Total:!!Has one or more types of computing devices:!!Smartphone, tablet or other portable wireless computer or other computer!!Smartphone, tablet or other portable wireless computer or other computer, no desktop or laptop","COMPUTERS IN HOUSEHOLD"
"B28010_006","36","New York",992023,9504,"Estimate!!Total:!!Has one or more types of computing devices:!!Smartphone, tablet or other portable wireless computer or other computer!!Smartphone, tablet or other portable wireless computer or other computer, no desktop or laptop","COMPUTERS IN HOUSEHOLD"
"B28010_006","35","New Mexico",134317,2908,"Estimate!!Total:!!Has one or more types of computing devices:!!Smartphone, tablet or other portable wireless computer or other computer!!Smartphone, tablet or other portable wireless computer or other computer, no desktop or laptop","COMPUTERS IN HOUSEHOLD"
"B28010_006","34","New Jersey",385908,6108,"Estimate!!Total:!!Has one or more types of computing devices:!!Smartphone, tablet or other portable wireless computer or other computer!!Smartphone, tablet or other portable wireless computer or other computer, no desktop or laptop","COMPUTERS IN HOUSEHOLD"
"B28010_006","72","Puerto Rico",367847,4102,"Estimate!!Total:!!Has one or more types of computing devices:!!Smartphone, tablet or other portable wireless computer or other computer!!Smartphone, tablet or other portable wireless computer or other computer, no desktop or laptop","COMPUTERS IN HOUSEHOLD"
"B28010_006","37","North Carolina",596872,6788,"Estimate!!Total:!!Has one or more types of computing devices:!!Smartphone, tablet or other portable wireless computer or other computer!!Smartphone, tablet or other portable wireless computer or other computer, no desktop or laptop","COMPUTERS IN HOUSEHOLD"
"B28010_007","01","Alabama",196161,3414,"Estimate!!Total:!!No Computer","COMPUTERS IN HOUSEHOLD"
"B28010_007","05","Arkansas",117949,2214,"Estimate!!Total:!!No Computer","COMPUTERS IN HOUSEHOLD"
"B28010_007","04","Arizona",150356,3082,"Estimate!!Total:!!No Computer","COMPUTERS IN HOUSEHOLD"
"B28010_007","02","Alaska",11688,661,"Estimate!!Total:!!No Computer","COMPUTERS IN HOUSEHOLD"
"B28010_007","21","Kentucky",171865,2636,"Estimate!!Total:!!No Computer","COMPUTERS IN HOUSEHOLD"
"B28010_007","23","Maine",45232,1550,"Estimate!!Total:!!No Computer","COMPUTERS IN HOUSEHOLD"
"B28010_007","27","Minnesota",137708,2396,"Estimate!!Total:!!No Computer","COMPUTERS IN HOUSEHOLD"
"B28010_007","06","California",630808,7044,"Estimate!!Total:!!No Computer","COMPUTERS IN HOUSEHOLD"
"B28010_007","24","Maryland",124480,2605,"Estimate!!Total:!!No Computer","COMPUTERS IN HOUSEHOLD"
"B28010_007","28","Mississippi",128781,2577,"Estimate!!Total:!!No Computer","COMPUTERS IN HOUSEHOLD"
"B28010_007","08","Colorado",96787,2086,"Estimate!!Total:!!No Computer","COMPUTERS IN HOUSEHOLD"
"B28010_007","22","Louisiana",182706,3308,"Estimate!!Total:!!No Computer","COMPUTERS IN HOUSEHOLD"
"B28010_007","12","Florida",463635,6717,"Estimate!!Total:!!No Computer","COMPUTERS IN HOUSEHOLD"
"B28010_007","15","Hawaii",30426,1298,"Estimate!!Total:!!No Computer","COMPUTERS IN HOUSEHOLD"
"B28010_007","45","South Carolina",164941,3450,"Estimate!!Total:!!No Computer","COMPUTERS IN HOUSEHOLD"
"B28010_007","25","Massachusetts",176426,3072,"Estimate!!Total:!!No Computer","COMPUTERS IN HOUSEHOLD"
"B28010_007","29","Missouri",193289,3296,"Estimate!!Total:!!No Computer","COMPUTERS IN HOUSEHOLD"
"B28010_007","09","Connecticut",94560,2372,"Estimate!!Total:!!No Computer","COMPUTERS IN HOUSEHOLD"
"B28010_007","11","District of Columbia",17367,1361,"Estimate!!Total:!!No Computer","COMPUTERS IN HOUSEHOLD"
"B28010_007","13","Georgia",265822,4342,"Estimate!!Total:!!No Computer","COMPUTERS IN HOUSEHOLD"
"B28010_007","16","Idaho",37995,1428,"Estimate!!Total:!!No Computer","COMPUTERS IN HOUSEHOLD"
"B28010_007","46","South Dakota",29434,927,"Estimate!!Total:!!No Computer","COMPUTERS IN HOUSEHOLD"
"B28010_007","26","Michigan",301427,3141,"Estimate!!Total:!!No Computer","COMPUTERS IN HOUSEHOLD"
"B28010_007","30","Montana",35947,1051,"Estimate!!Total:!!No Computer","COMPUTERS IN HOUSEHOLD"
"B28010_007","10","Delaware",21910,1244,"Estimate!!Total:!!No Computer","COMPUTERS IN HOUSEHOLD"
"B28010_007","38","North Dakota",24632,1059,"Estimate!!Total:!!No Computer","COMPUTERS IN HOUSEHOLD"
"B28010_007","40","Oklahoma",119912,2132,"Estimate!!Total:!!No Computer","COMPUTERS IN HOUSEHOLD"
"B28010_007","17","Illinois",362428,4336,"Estimate!!Total:!!No Computer","COMPUTERS IN HOUSEHOLD"
"B28010_007","47","Tennessee",243300,3272,"Estimate!!Total:!!No Computer","COMPUTERS IN HOUSEHOLD"
"B28010_007","51","Virginia",215825,3483,"Estimate!!Total:!!No Computer","COMPUTERS IN HOUSEHOLD"
"B28010_007","31","Nebraska",55524,1656,"Estimate!!Total:!!No Computer","COMPUTERS IN HOUSEHOLD"
"B28010_007","33","New Hampshire",30055,1341,"Estimate!!Total:!!No Computer","COMPUTERS IN HOUSEHOLD"
"B28010_007","39","Ohio",386041,4434,"Estimate!!Total:!!No Computer","COMPUTERS IN HOUSEHOLD"
"B28010_007","41","Oregon",82519,2265,"Estimate!!Total:!!No Computer","COMPUTERS IN HOUSEHOLD"
"B28010_007","18","Indiana",217702,3353,"Estimate!!Total:!!No Computer","COMPUTERS IN HOUSEHOLD"
"B28010_007","48","Texas",621803,6827,"Estimate!!Total:!!No Computer","COMPUTERS IN HOUSEHOLD"
"B28010_007","53","Washington",128385,3150,"Estimate!!Total:!!No Computer","COMPUTERS IN HOUSEHOLD"
"B28010_007","32","Nevada",60520,1848,"Estimate!!Total:!!No Computer","COMPUTERS IN HOUSEHOLD"
"B28010_007","34","New Jersey",207742,3842,"Estimate!!Total:!!No Computer","COMPUTERS IN HOUSEHOLD"
"B28010_007","36","New York",588925,5566,"Estimate!!Total:!!No Computer","COMPUTERS IN HOUSEHOLD"
"B28010_007","42","Pennsylvania",469464,4944,"Estimate!!Total:!!No Computer","COMPUTERS IN HOUSEHOLD"
"B28010_007","19","Iowa",105928,1751,"Estimate!!Total:!!No Computer","COMPUTERS IN HOUSEHOLD"
"B28010_007","49","Utah",33785,1182,"Estimate!!Total:!!No Computer","COMPUTERS IN HOUSEHOLD"
"B28010_007","54","West Virginia",88429,2173,"Estimate!!Total:!!No Computer","COMPUTERS IN HOUSEHOLD"
"B28010_007","56","Wyoming",14061,861,"Estimate!!Total:!!No Computer","COMPUTERS IN HOUSEHOLD"
"B28010_007","35","New Mexico",82161,2284,"Estimate!!Total:!!No Computer","COMPUTERS IN HOUSEHOLD"
"B28010_007","37","North Carolina",322330,4911,"Estimate!!Total:!!No Computer","COMPUTERS IN HOUSEHOLD"
"B28010_007","44","Rhode Island",33807,1545,"Estimate!!Total:!!No Computer","COMPUTERS IN HOUSEHOLD"
"B28010_007","20","Kansas",77535,1708,"Estimate!!Total:!!No Computer","COMPUTERS IN HOUSEHOLD"
"B28010_007","50","Vermont",20160,957,"Estimate!!Total:!!No Computer","COMPUTERS IN HOUSEHOLD"
"B28010_007","55","Wisconsin",192860,2765,"Estimate!!Total:!!No Computer","COMPUTERS IN HOUSEHOLD"
"B28010_007","72","Puerto Rico",288560,3516,"Estimate!!Total:!!No Computer","COMPUTERS IN HOUSEHOLD"
